{
  "hosting": {
    "site": "scheduler-prov1",
    "public": "public",
    "ignore": [
      "firebase.json",
      "**/.*",
      "**/node_modules/**"
    ],
    "rewrites": [
      {
        "source": "**",
        "destination": "/index.html"
      }
    ],
    "headers": [
      {
        "source": "/index.html",
        "headers": [
          {
            "key": "Cache-Control",
            "value": "public, max-age=30, s-maxage=30"
          }
        ]
      },
      {
        "source": "**",
        "headers": [
          {
            "key": "Cache-Control",
            "value": "public, max-age=31536000, immutable"
          }
        ]
      }
    ]
  }
}
